{
    "CIDEr": 48.07405372727749, 
    "Bleu_4": 11.729649565678606, 
    "Bleu_3": 18.406047105133474, 
    "Bleu_2": 30.2000371608622, 
    "Bleu_1": 53.34432014915347, 
    "ROUGE_L": 33.30496349446741, 
    "METEOR": 17.1002895013028
}