{
    "CIDEr": 47.20535707641143, 
    "Bleu_4": 11.455350506666322, 
    "Bleu_3": 18.067584300328164, 
    "Bleu_2": 29.701587505140136, 
    "Bleu_1": 52.65754969688381, 
    "ROUGE_L": 33.018178287216905, 
    "METEOR": 16.827303859401063
}